Name,Description,Limit,System Groups
damon.dials@megacorp.org,"Individual account",1,"Employee"
jenee.jahns@megacorp.org,"Individual account",1,"Employee"
gilbert.guerriero@megacorp.org,"Individual account",1,"Employee"
quiana.quesnel@megacorp.org,"Individual account",1,"Employee"
bernard.bigler@megacorp.org,"Individual account",1,"Employee"
marietta.menzel@megacorp.org,"Individual account",1,"Employee"
ruby.rieser@megacorp.org,"Individual account",1,"Employee"
leonor.limberg@megacorp.org,"Individual account",1,"Employee"
herminia.hochmuth@megacorp.org,"Individual account",1,"Employee"
luana.larson@megacorp.org,"Individual account",1,"Employee"
gilda.gutirrez@megacorp.org,"Individual account",1,"Employee"
karlene.kirch@megacorp.org,"Individual account",1,"Employee"
chelsea.calaway@megacorp.org,"Individual account",1,"Employee"
tajuana.thies@megacorp.org,"Individual account",1,"Employee"
dominica.dubberly@megacorp.org,"Individual account",1,"Employee"
gregg.gault@megacorp.org,"Individual account",1,"Employee"
boyd.buckle@megacorp.org,"Individual account",1,"Employee"
georgeanna.griffiths@megacorp.org,"Individual account",1,"Employee"
julio.jerabek@megacorp.org,"Individual account",1,"Employee"
chaya.cordova@megacorp.org,"Individual account",1,"Employee"
reinaldo.reardon@megacorp.org,"Individual account",1,"Employee"
nancie.nassar@megacorp.org,"Individual account",1,"Employee"
ayako.alday@megacorp.org,"Individual account",1,"Employee"
skye.strobl@megacorp.org,"Individual account",1,"Employee"
merle.miceli@megacorp.org,"Individual account",1,"Employee"
sung.skipper@megacorp.org,"Individual account",1,"Employee"
danilo.dilbeck@megacorp.org,"Individual account",1,"Employee"
marylee.millsap@megacorp.org,"Individual account",1,"Employee"
rolf.rueb@megacorp.org,"Individual account",1,"Employee"
miriam.messenger@megacorp.org,"Individual account",1,"Employee"
danae.drayer@megacorp.org,"Individual account",1,"Employee"
stan.stokely@megacorp.org,"Individual account",1,"Employee"
martin.magallon@megacorp.org,"Individual account",1,"Employee"
orville.oneill@megacorp.org,"Individual account",1,"Employee"
kourtney.kyle@megacorp.org,"Individual account",1,"Employee"
tessa.treiber@megacorp.org,"Individual account",1,"Employee"
kamilah.kurland@megacorp.org,"Individual account",1,"Employee"
zelma.zemke@megacorp.org,"Individual account",1,"Employee"
jefferson.jock@megacorp.org,"Individual account",1,"Employee"
shirely.stowe@megacorp.org,"Individual account",1,"Employee"
niesha.nold@megacorp.org,"Individual account",1,"Employee"
bruce.butterworth@megacorp.org,"Individual account",1,"Employee"
denna.debartolo@megacorp.org,"Individual account",1,"Employee"
janay.johnson@megacorp.org,"Individual account",1,"Employee"
kristen.kellems@megacorp.org,"Individual account",1,"Employee"
tiny.tacy@megacorp.org,"Individual account",1,"Employee"
dolores.delay@megacorp.org,"Individual account",1,"Employee"
shira.sitzes@megacorp.org,"Individual account",1,"Employee"
aron.askew@megacorp.org,"Individual account",1,"Employee"
nydia.neil@megacorp.org,"Individual account",1,"Employee"
theodore.talbert@megacorp.org,"Individual account",1,"Employee"
shani.spinks@megacorp.org,"Individual account",1,"Employee"
diedra.darrow@megacorp.org,"Individual account",1,"Employee"
judith.joachim@megacorp.org,"Individual account",1,"Employee"
melda.metheny@megacorp.org,"Individual account",1,"Employee"
nannie.nobles@megacorp.org,"Individual account",1,"Employee"
annamae.audie@megacorp.org,"Individual account",1,"Employee"
kalyn.kimzey@megacorp.org,"Individual account",1,"Employee"
hsiu.henningsen@megacorp.org,"Individual account",1,"Employee"
delcie.diez@megacorp.org,"Individual account",1,"Employee"
edris.ekhoff@megacorp.org,"Individual account",1,"Employee"
monique.maly@megacorp.org,"Individual account",1,"Employee"
robbi.rosendahl@megacorp.org,"Individual account",1,"Employee"
lakeesha.loiacono@megacorp.org,"Individual account",1,"Employee"
coralee.culbert@megacorp.org,"Individual account",1,"Employee"
danette.dewitt@megacorp.org,"Individual account",1,"Employee"
cinthia.cadieux@megacorp.org,"Individual account",1,"Employee"
myron.mclawhorn@megacorp.org,"Individual account",1,"Employee"
madeleine.magers@megacorp.org,"Individual account",1,"Employee"
evita.epting@megacorp.org,"Individual account",1,"Employee"
karrie.kindel@megacorp.org,"Individual account",1,"Employee"
moses.modisette@megacorp.org,"Individual account",1,"Employee"
winifred.wessels@megacorp.org,"Individual account",1,"Employee"
ashton.aumann@megacorp.org,"Individual account",1,"Employee"
guillermina.gloster@megacorp.org,"Individual account",1,"Employee"
jeremy.jong@megacorp.org,"Individual account",1,"Employee"
marilou.mcintosh@megacorp.org,"Individual account",1,"Employee"
rubin.ravenscroft@megacorp.org,"Individual account",1,"Employee"
peggie.phillips@megacorp.org,"Individual account",1,"Employee"
evelina.elders@megacorp.org,"Individual account",1,"Employee"
edda.elam@megacorp.org,"Individual account",1,"Employee"
fausto.fortino@megacorp.org,"Individual account",1,"Employee"
elena.eisert@megacorp.org,"Individual account",1,"Employee"
mariella.molock@megacorp.org,"Individual account",1,"Employee"
starla.scheiber@megacorp.org,"Individual account",1,"Employee"
parker.paetzold@megacorp.org,"Individual account",1,"Employee"
vallie.vizcaino@megacorp.org,"Individual account",1,"Employee"
renea.rubenstein@megacorp.org,"Individual account",1,"Employee"
lien.lipscomb@megacorp.org,"Individual account",1,"Employee"
debby.dupuy@megacorp.org,"Individual account",1,"Employee"
carolann.corbo@megacorp.org,"Individual account",1,"Employee"
lee.litchfield@megacorp.org,"Individual account",1,"Employee"
lashon.locker@megacorp.org,"Individual account",1,"Employee"
caroll.colquitt@megacorp.org,"Individual account",1,"Employee"
lillian.louviere@megacorp.org,"Individual account",1,"Employee"
rafaela.rasco@megacorp.org,"Individual account",1,"Employee"
mandie.mcquinn@megacorp.org,"Individual account",1,"Employee"
bambi.bivona@megacorp.org,"Individual account",1,"Employee"
jacques.joaquin@megacorp.org,"Individual account",1,"Employee"
wes.wallner@megacorp.org,"Individual account",1,"Employee"
retta.rosso@megacorp.org,"Individual account",1,"Employee"
melia.meche@megacorp.org,"Individual account",1,"Employee"
nga.nordquist@megacorp.org,"Individual account",1,"Employee"
georgine.grimmett@megacorp.org,"Individual account",1,"Employee"
elden.easley@megacorp.org,"Individual account",1,"Employee"
van.villanveva@megacorp.org,"Individual account",1,"Employee"
shemika.spikes@megacorp.org,"Individual account",1,"Employee"
bettina.budniewski@megacorp.org,"Individual account",1,"Employee"
yun.yarberry@megacorp.org,"Individual account",1,"Employee"
mac.malmberg@megacorp.org,"Individual account",1,"Employee"
rory.rollinson@megacorp.org,"Individual account",1,"Employee"
silva.sotelo@megacorp.org,"Individual account",1,"Contractor"
le.leggett@megacorp.org,"Individual account",1,"Contractor"
eartha.edie@megacorp.org,"Individual account",1,"Contractor"
tenisha.tinajero@megacorp.org,"Individual account",1,"Contractor"
hien.hamby@megacorp.org,"Individual account",1,"Contractor"
milford.mize@megacorp.org,"Individual account",1,"Contractor"
elnora.efaw@megacorp.org,"Individual account",1,"Contractor"

